{
    "scale": [
        2.81869558343092,
        3.0629001503544044,
        2.986392183232257,
        2.862464378235597,
        2.221457418540208,
        3.6411886451877287,
        2.447902579908637,
        3.0504308399902413,
        1.7314052526140433
    ],
    "mean": [
        4.44216691068814,
        3.150805270863836,
        3.2152269399707176,
        2.830161054172767,
        3.234260614934114,
        3.5446559297218156,
        3.445095168374817,
        2.869692532942899,
        1.603221083455344
    ],
    "var": [
        7.945044792052974,
        9.381357331041032,
        8.918538272070725,
        8.193702316667704,
        4.934873062387323,
        13.258254749844047,
        5.992227040723361,
        9.30512830956357,
        2.9977641487794995
    ],
    "silhouette": 0.12428333235516066,
    "calinski_harabasz": 194.61424402645213
}