{
    "scale": [
        0.5808503703050264,
        0.6307002214321649
    ],
    "mean": [
        -0.020608868443798903,
        -0.015883336495619016
    ],
    "var": [
        0.3373871526834863,
        0.39778276931458184
    ],
    "silhouette": 0.31406335648926537,
    "calinski_harabasz": 463.96284290244466
}