{
    "scale": [
        0.5652842657018544,
        0.4387547517707988
    ],
    "mean": [
        0.6853238581396945,
        0.5424825002224375
    ],
    "var": [
        0.3195463010500848,
        0.19250573220145528
    ],
    "silhouette": 0.5207156908434343,
    "calinski_harabasz": 601.8628490066358
}