{
    "scale": [
        2.818066988656759,
        1.0
    ],
    "mean": [
        0.10953359023627804,
        0.0
    ],
    "var": [
        7.941501552556973,
        0.0
    ],
    "silhouette": 0.6092631731974703,
    "inertia": 132.9885105133207,
    "calinski_harabasz": 1374.3421973739537
}