{
    "scale": [
        0.5652842657018544,
        0.4387547517707988
    ],
    "mean": [
        0.6853238581396945,
        0.5424825002224375
    ],
    "var": [
        0.3195463010500848,
        0.19250573220145528
    ],
    "silhouette": 0.6314108025017449,
    "inertia": 258.38211624456005,
    "calinski_harabasz": 1429.3779750632616
}