{
    "scale": [
        1.2963339822382098,
        0.1646238034051599,
        0.14530668100833052,
        4.757437575159563,
        0.03503090513192154,
        17.74803375054575,
        56.51750451265558,
        0.0029984422211732924,
        0.16077482767043685,
        0.14879442128264475,
        1.1926199559167747,
        0.8731880644450568,
        0.3973908227246289
    ],
    "mean": [
        7.215307064799139,
        0.3396659996921656,
        0.3186332153301524,
        5.443235339387409,
        0.05603386178236109,
        30.525319378174544,
        115.7445744189626,
        0.9946966338309989,
        3.2185008465445586,
        0.5312682776666154,
        10.491800831152839,
        5.818377712790519,
        0.19655225488687086
    ],
    "var": [
        1.6804817935055756,
        0.02710099664758073,
        0.021114031545656727,
        22.633212281540104,
        0.0012271643143616866,
        314.99270201051104,
        3194.228316338044,
        8.990655753714628e-06,
        0.02584854521245867,
        0.022139779804837167,
        1.4223423592509294,
        0.7624573958893047,
        0.15791946598575743
    ],
    "silhouette": 0.23736600935822524,
    "inertia": 68912.60181817412,
    "calinski_harabasz": 1465.4336583809807
}